,design,n,mpnn,plddt,i_ptm,i_pae,rmsd,seq
0,0,0,1.1376465603316632,0.623492956161499,0.13034802675247192,27.600454092025757,64.345458984375,ICLQKTSNQILKPKLISYTLGQSGTCITDPLLAMDEGYFAYSHLERIGSCSRGVSKQRIIGVGEVLDRGDEVPSLFMTNVWTPPNPNTVYHCSAVYNNEFYYVLCAVSTVGDPILNSTYWSGSLMMTRLAVKPKSNGGGYNQHQLALRSIEKGRYDKVMPYGPSGIKQGDTLYFPAVGFLVRTEFKYNDSNCPITKCQYSKPENCRLSMGIRPNSHYILRSGLLKYNLSDGENPKVVFIEISDQRLSIGSPSKIYDSLGQPVFYQASFSWDTMIKFGDVLTVNPLVVNWRNNTVISRPGQSQCPRFNTCPEICWEGVYNDAFLIDRINWISAGVFLDSNQTAENPVFTVFKDNEILYRAQLASEDTNAQKTITNCFLLKNKIWCISLVEIYDTGDNVIRPKLFAVKIPEQCTH/AKAEERARRIRAEVERIIAELGVDPAVAARLRALTEEVIALIKEALALKEKGGTEEEIEAVLAKLEKIRDALKNETGPGPPEAATRFAELIGKEIDELRK
1,0,1,1.1297869600715955,0.6191715002059937,0.10955671966075897,28.27774280309677,25.26421356201172,ICLQKTSNQILKPKLISYTLGQSGTCITDPLLAMDEGYFAYSHLERIGSCSRGVSKQRIIGVGEVLDRGDEVPSLFMTNVWTPPNPNTVYHCSAVYNNEFYYVLCAVSTVGDPILNSTYWSGSLMMTRLAVKPKSNGGGYNQHQLALRSIEKGRYDKVMPYGPSGIKQGDTLYFPAVGFLVRTEFKYNDSNCPITKCQYSKPENCRLSMGIRPNSHYILRSGLLKYNLSDGENPKVVFIEISDQRLSIGSPSKIYDSLGQPVFYQASFSWDTMIKFGDVLTVNPLVVNWRNNTVISRPGQSQCPRFNTCPEICWEGVYNDAFLIDRINWISAGVFLDSNQTAENPVFTVFKDNEILYRAQLASEDTNAQKTITNCFLLKNKIWCISLVEIYDTGDNVIRPKLFAVKIPEQCTH/SEAEERAKRIREEVQRILEEAGVDPEIAAKFLALTERVIKLVTEALKLKAAGGTEEEIEALLAELEKIRDELLNDTGPAPPEVAKRLAEIIGRIIDELRS
2,0,2,1.0937147465744645,0.5687733888626099,0.10823828727006912,28.327242016792297,22.139095306396484,ICLQKTSNQILKPKLISYTLGQSGTCITDPLLAMDEGYFAYSHLERIGSCSRGVSKQRIIGVGEVLDRGDEVPSLFMTNVWTPPNPNTVYHCSAVYNNEFYYVLCAVSTVGDPILNSTYWSGSLMMTRLAVKPKSNGGGYNQHQLALRSIEKGRYDKVMPYGPSGIKQGDTLYFPAVGFLVRTEFKYNDSNCPITKCQYSKPENCRLSMGIRPNSHYILRSGLLKYNLSDGENPKVVFIEISDQRLSIGSPSKIYDSLGQPVFYQASFSWDTMIKFGDVLTVNPLVVNWRNNTVISRPGQSQCPRFNTCPEICWEGVYNDAFLIDRINWISAGVFLDSNQTAENPVFTVFKDNEILYRAQLASEDTNAQKTITNCFLLKNKIWCISLVEIYDTGDNVIRPKLFAVKIPEQCTH/SEAEERRRELRARVDAILAEAGVPAEVAAQLRATAERVAELIERALRLMEEGGSIEEIEAVLAELEEIRDALLNETGPMPREVAEALARLIDEEIERLRK
3,0,3,1.17498747471146,0.646384596824646,0.13842102885246277,27.092407643795013,66.07933044433594,ICLQKTSNQILKPKLISYTLGQSGTCITDPLLAMDEGYFAYSHLERIGSCSRGVSKQRIIGVGEVLDRGDEVPSLFMTNVWTPPNPNTVYHCSAVYNNEFYYVLCAVSTVGDPILNSTYWSGSLMMTRLAVKPKSNGGGYNQHQLALRSIEKGRYDKVMPYGPSGIKQGDTLYFPAVGFLVRTEFKYNDSNCPITKCQYSKPENCRLSMGIRPNSHYILRSGLLKYNLSDGENPKVVFIEISDQRLSIGSPSKIYDSLGQPVFYQASFSWDTMIKFGDVLTVNPLVVNWRNNTVISRPGQSQCPRFNTCPEICWEGVYNDAFLIDRINWISAGVFLDSNQTAENPVFTVFKDNEILYRAQLASEDTNAQKTITNCFLLKNKIWCISLVEIYDTGDNVIRPKLFAVKIPEQCTH/SEAEERAKRIKEEVERIIKELGVAPEVAAELLALTDEVIAYVKEALELKKKGGSEEEIEALLAKIEKIRDKLKNDTSPRPPEASRRFAELLGREIDELRS
4,0,4,1.1228930265823662,0.6073535680770874,0.11732141673564911,27.99402540922165,21.313114166259766,ICLQKTSNQILKPKLISYTLGQSGTCITDPLLAMDEGYFAYSHLERIGSCSRGVSKQRIIGVGEVLDRGDEVPSLFMTNVWTPPNPNTVYHCSAVYNNEFYYVLCAVSTVGDPILNSTYWSGSLMMTRLAVKPKSNGGGYNQHQLALRSIEKGRYDKVMPYGPSGIKQGDTLYFPAVGFLVRTEFKYNDSNCPITKCQYSKPENCRLSMGIRPNSHYILRSGLLKYNLSDGENPKVVFIEISDQRLSIGSPSKIYDSLGQPVFYQASFSWDTMIKFGDVLTVNPLVVNWRNNTVISRPGQSQCPRFNTCPEICWEGVYNDAFLIDRINWISAGVFLDSNQTAENPVFTVFKDNEILYRAQLASEDTNAQKTITNCFLLKNKIWCISLVEIYDTGDNVIRPKLFAVKIPEQCTH/AEAAARAAALTARTDAIIAALGVDPALAAALRARTARAAALLTEALALRAAGGSEEEIEAVLAEIEKLRDELLNNTGPGPQEAYTAFAALLGELIDELRS
5,0,5,1.1634779762803322,0.49687761068344116,0.12022579461336136,28.13373702764511,61.52773666381836,ICLQKTSNQILKPKLISYTLGQSGTCITDPLLAMDEGYFAYSHLERIGSCSRGVSKQRIIGVGEVLDRGDEVPSLFMTNVWTPPNPNTVYHCSAVYNNEFYYVLCAVSTVGDPILNSTYWSGSLMMTRLAVKPKSNGGGYNQHQLALRSIEKGRYDKVMPYGPSGIKQGDTLYFPAVGFLVRTEFKYNDSNCPITKCQYSKPENCRLSMGIRPNSHYILRSGLLKYNLSDGENPKVVFIEISDQRLSIGSPSKIYDSLGQPVFYQASFSWDTMIKFGDVLTVNPLVVNWRNNTVISRPGQSQCPRFNTCPEICWEGVYNDAFLIDRINWISAGVFLDSNQTAENPVFTVFKDNEILYRAQLASEDTNAQKTITNCFLLKNKIWCISLVEIYDTGDNVIRPKLFAVKIPEQCTH/AEAEELRRELREETRRILEELGVDPEVAAKFLELTERVNELIEAALRLRAEGGSVEEIEALLAELEKIRDELKNDTGPAPKSASDAFAELIDKRIDELRA
6,0,6,1.1222810199479536,0.6574283242225647,0.10904715955257416,28.25497305393219,22.630691528320312,ICLQKTSNQILKPKLISYTLGQSGTCITDPLLAMDEGYFAYSHLERIGSCSRGVSKQRIIGVGEVLDRGDEVPSLFMTNVWTPPNPNTVYHCSAVYNNEFYYVLCAVSTVGDPILNSTYWSGSLMMTRLAVKPKSNGGGYNQHQLALRSIEKGRYDKVMPYGPSGIKQGDTLYFPAVGFLVRTEFKYNDSNCPITKCQYSKPENCRLSMGIRPNSHYILRSGLLKYNLSDGENPKVVFIEISDQRLSIGSPSKIYDSLGQPVFYQASFSWDTMIKFGDVLTVNPLVVNWRNNTVISRPGQSQCPRFNTCPEICWEGVYNDAFLIDRINWISAGVFLDSNQTAENPVFTVFKDNEILYRAQLASEDTNAQKTITNCFLLKNKIWCISLVEIYDTGDNVIRPKLFAVKIPEQCTH/AEAEARAARLRAETEAILAELGVDPETAEKFLALTERVSELIGEALALKAKGGSVEEIEAVLAKLEKIRDELLNDTGPAPKEAAERFAELIGREIDELRS
7,0,7,1.1759921486244806,0.6226016283035278,0.11238043010234833,28.348539113998413,58.88410949707031,ICLQKTSNQILKPKLISYTLGQSGTCITDPLLAMDEGYFAYSHLERIGSCSRGVSKQRIIGVGEVLDRGDEVPSLFMTNVWTPPNPNTVYHCSAVYNNEFYYVLCAVSTVGDPILNSTYWSGSLMMTRLAVKPKSNGGGYNQHQLALRSIEKGRYDKVMPYGPSGIKQGDTLYFPAVGFLVRTEFKYNDSNCPITKCQYSKPENCRLSMGIRPNSHYILRSGLLKYNLSDGENPKVVFIEISDQRLSIGSPSKIYDSLGQPVFYQASFSWDTMIKFGDVLTVNPLVVNWRNNTVISRPGQSQCPRFNTCPEICWEGVYNDAFLIDRINWISAGVFLDSNQTAENPVFTVFKDNEILYRAQLASEDTNAQKTITNCFLLKNKIWCISLVEIYDTGDNVIRPKLFAVKIPEQCTH/SEAEERAERLRRETAAIIAEAGVAPEVAARYLALTEEVIRLLTEALKLKEEGGTIEEIEAVLAKMEEIRNTLKNETGPAPREVATRFAELIDREIDELRS
8,1,0,1.3334507883496787,0.4368322491645813,0.138868048787117,27.351261794567108,46.97563934326172,ICLQKTSNQILKPKLISYTLGQSGTCITDPLLAMDEGYFAYSHLERIGSCSRGVSKQRIIGVGEVLDRGDEVPSLFMTNVWTPPNPNTVYHCSAVYNNEFYYVLCAVSTVGDPILNSTYWSGSLMMTRLAVKPKSNGGGYNQHQLALRSIEKGRYDKVMPYGPSGIKQGDTLYFPAVGFLVRTEFKYNDSNCPITKCQYSKPENCRLSMGIRPNSHYILRSGLLKYNLSDGENPKVVFIEISDQRLSIGSPSKIYDSLGQPVFYQASFSWDTMIKFGDVLTVNPLVVNWRNNTVISRPGQSQCPRFNTCPEICWEGVYNDAFLIDRINWISAGVFLDSNQTAENPVFTVFKDNEILYRAQLASEDTNAQKTITNCFLLKNKIWCISLVEIYDTGDNVIRPKLFAVKIPEQCTH/SLLEELKKEEEAKKEKEEKEKIKKKVAAYEADPSKIDEEFTAARAARIAKGEGTFHNLTTGSAEDQAKIAAYLAEERAKYKEIVDTNIKNKKDALDEEEA
9,1,1,1.3855700215056777,0.3325139284133911,0.14025431871414185,27.054780185222626,46.56318283081055,ICLQKTSNQILKPKLISYTLGQSGTCITDPLLAMDEGYFAYSHLERIGSCSRGVSKQRIIGVGEVLDRGDEVPSLFMTNVWTPPNPNTVYHCSAVYNNEFYYVLCAVSTVGDPILNSTYWSGSLMMTRLAVKPKSNGGGYNQHQLALRSIEKGRYDKVMPYGPSGIKQGDTLYFPAVGFLVRTEFKYNDSNCPITKCQYSKPENCRLSMGIRPNSHYILRSGLLKYNLSDGENPKVVFIEISDQRLSIGSPSKIYDSLGQPVFYQASFSWDTMIKFGDVLTVNPLVVNWRNNTVISRPGQSQCPRFNTCPEICWEGVYNDAFLIDRINWISAGVFLDSNQTAENPVFTVFKDNEILYRAQLASEDTNAQKTITNCFLLKNKIWCISLVEIYDTGDNVIRPKLFAVKIPEQCTH/SLEKLLEELKKKAEAAKKEEELKARVEAYKANPSLVVKEFTAAEAAKRAKGEGKWHNLSGGDAAKQAAIAAALAKELAQYLPLVQKNIDNIEKALKEKAA
10,1,2,1.393385489443677,0.4133342504501343,0.2009427547454834,25.856457233428955,30.1343936920166,ICLQKTSNQILKPKLISYTLGQSGTCITDPLLAMDEGYFAYSHLERIGSCSRGVSKQRIIGVGEVLDRGDEVPSLFMTNVWTPPNPNTVYHCSAVYNNEFYYVLCAVSTVGDPILNSTYWSGSLMMTRLAVKPKSNGGGYNQHQLALRSIEKGRYDKVMPYGPSGIKQGDTLYFPAVGFLVRTEFKYNDSNCPITKCQYSKPENCRLSMGIRPNSHYILRSGLLKYNLSDGENPKVVFIEISDQRLSIGSPSKIYDSLGQPVFYQASFSWDTMIKFGDVLTVNPLVVNWRNNTVISRPGQSQCPRFNTCPEICWEGVYNDAFLIDRINWISAGVFLDSNQTAENPVFTVFKDNEILYRAQLASEDTNAQKTITNCFLLKNKIWCISLVEIYDTGDNVIRPKLFAVKIPEQCTH/SLEKLLAEKKKKEEEEKEEKKIEAEVAAYEADPSLAEKAFTDSRAKAIAAGAGTFHNLSTGSAADQAAIAAYLAKEMAEEAEIVKTNIDNRKKSLDEKKA
11,1,3,1.3737020114180631,0.4265543222427368,0.14548645913600922,27.003895163536072,50.8642578125,ICLQKTSNQILKPKLISYTLGQSGTCITDPLLAMDEGYFAYSHLERIGSCSRGVSKQRIIGVGEVLDRGDEVPSLFMTNVWTPPNPNTVYHCSAVYNNEFYYVLCAVSTVGDPILNSTYWSGSLMMTRLAVKPKSNGGGYNQHQLALRSIEKGRYDKVMPYGPSGIKQGDTLYFPAVGFLVRTEFKYNDSNCPITKCQYSKPENCRLSMGIRPNSHYILRSGLLKYNLSDGENPKVVFIEISDQRLSIGSPSKIYDSLGQPVFYQASFSWDTMIKFGDVLTVNPLVVNWRNNTVISRPGQSQCPRFNTCPEICWEGVYNDAFLIDRINWISAGVFLDSNQTAENPVFTVFKDNEILYRAQLASEDTNAQKTITNCFLLKNKIWCISLVEIYDTGDNVIRPKLFAVKIPEQCTH/KEEEEKKKKEEEKKKAEEEEKIKAEVDAYEKDPSKIVEEMTSSRLARIAKGSGTFHNLTTGSAADQAEIAAYIAEEIAKQLEIVKTNIANRKSALEEKEK
12,1,4,1.330145116687917,0.429097056388855,0.1530083864927292,26.551702320575714,44.11601257324219,ICLQKTSNQILKPKLISYTLGQSGTCITDPLLAMDEGYFAYSHLERIGSCSRGVSKQRIIGVGEVLDRGDEVPSLFMTNVWTPPNPNTVYHCSAVYNNEFYYVLCAVSTVGDPILNSTYWSGSLMMTRLAVKPKSNGGGYNQHQLALRSIEKGRYDKVMPYGPSGIKQGDTLYFPAVGFLVRTEFKYNDSNCPITKCQYSKPENCRLSMGIRPNSHYILRSGLLKYNLSDGENPKVVFIEISDQRLSIGSPSKIYDSLGQPVFYQASFSWDTMIKFGDVLTVNPLVVNWRNNTVISRPGQSQCPRFNTCPEICWEGVYNDAFLIDRINWISAGVFLDSNQTAENPVFTVFKDNEILYRAQLASEDTNAQKTITNCFLLKNKIWCISLVEIYDTGDNVIRPKLFAVKIPEQCTH/ELEELLKKLKEEEEKKKEEEEIKKKVEDYEKDPSSVDKEYNDAIAAKIAKGAAEFHNLKGNDAEKQAQVAAYVAAEKAKYREIVEKNIQNKKDALKEKEA
13,1,5,1.308282384145562,0.4658353924751282,0.15177497267723083,26.51489895582199,55.20103073120117,ICLQKTSNQILKPKLISYTLGQSGTCITDPLLAMDEGYFAYSHLERIGSCSRGVSKQRIIGVGEVLDRGDEVPSLFMTNVWTPPNPNTVYHCSAVYNNEFYYVLCAVSTVGDPILNSTYWSGSLMMTRLAVKPKSNGGGYNQHQLALRSIEKGRYDKVMPYGPSGIKQGDTLYFPAVGFLVRTEFKYNDSNCPITKCQYSKPENCRLSMGIRPNSHYILRSGLLKYNLSDGENPKVVFIEISDQRLSIGSPSKIYDSLGQPVFYQASFSWDTMIKFGDVLTVNPLVVNWRNNTVISRPGQSQCPRFNTCPEICWEGVYNDAFLIDRINWISAGVFLDSNQTAENPVFTVFKDNEILYRAQLASEDTNAQKTITNCFLLKNKIWCISLVEIYDTGDNVIRPKLFAVKIPEQCTH/MLKELEELKKKKEEEKKKKEEIKAEVEAYKKDKSKVVDDYRKATQKKIDAGEGTFHGLSTGDAENQKKIEEYIEEEEKKYLEIVEVNIKNKEDALKEEEA
14,1,6,1.338371402561938,0.4817280173301697,0.14268141984939575,26.716413915157318,50.42402648925781,ICLQKTSNQILKPKLISYTLGQSGTCITDPLLAMDEGYFAYSHLERIGSCSRGVSKQRIIGVGEVLDRGDEVPSLFMTNVWTPPNPNTVYHCSAVYNNEFYYVLCAVSTVGDPILNSTYWSGSLMMTRLAVKPKSNGGGYNQHQLALRSIEKGRYDKVMPYGPSGIKQGDTLYFPAVGFLVRTEFKYNDSNCPITKCQYSKPENCRLSMGIRPNSHYILRSGLLKYNLSDGENPKVVFIEISDQRLSIGSPSKIYDSLGQPVFYQASFSWDTMIKFGDVLTVNPLVVNWRNNTVISRPGQSQCPRFNTCPEICWEGVYNDAFLIDRINWISAGVFLDSNQTAENPVFTVFKDNEILYRAQLASEDTNAQKTITNCFLLKNKIWCISLVEIYDTGDNVIRPKLFAVKIPEQCTH/SLLEKLEKLKKEEEEKKKEEEIKKEVENYEKDPSSFEKEYTSSIKKEIDKGSGRFHNLTTGSKENQKKIEEIIKEEIEKEKEIYETNIQNKKDALDEKEK
15,1,7,1.3282634053541151,0.36375224590301514,0.1458141803741455,26.993302047252655,46.197879791259766,ICLQKTSNQILKPKLISYTLGQSGTCITDPLLAMDEGYFAYSHLERIGSCSRGVSKQRIIGVGEVLDRGDEVPSLFMTNVWTPPNPNTVYHCSAVYNNEFYYVLCAVSTVGDPILNSTYWSGSLMMTRLAVKPKSNGGGYNQHQLALRSIEKGRYDKVMPYGPSGIKQGDTLYFPAVGFLVRTEFKYNDSNCPITKCQYSKPENCRLSMGIRPNSHYILRSGLLKYNLSDGENPKVVFIEISDQRLSIGSPSKIYDSLGQPVFYQASFSWDTMIKFGDVLTVNPLVVNWRNNTVISRPGQSQCPRFNTCPEICWEGVYNDAFLIDRINWISAGVFLDSNQTAENPVFTVFKDNEILYRAQLASEDTNAQKTITNCFLLKNKIWCISLVEIYDTGDNVIRPKLFAVKIPEQCTH/SLLKELEEKKKAEAEAAERAKIAAAVAAYKANPALVDAAFTAAAAAAIARGSGTFANLTGASAADQAKVAAALAAEAAKQREIVDTNVNNRAEALATEAA
