id,final_rank,designed_sequence,designed_chain_sequence,num_design,design_to_target_iptm,min_design_to_target_pae,design_ptm,filter_rmsd,plip_hbonds_refolded,delta_sasa_refolded,design_chain_hydrophobicity,design_hydrophobicity,loop,helix,sheet,file_name,num_prot_tokens,num_lig_atoms,num_resolved_tokens,num_tokens,UNK_fraction,GLY_fraction,ALA_fraction,CYS_fraction,SER_fraction,PRO_fraction,THR_fraction,VAL_fraction,ILE_fraction,ASN_fraction,ASP_fraction,LEU_fraction,MET_fraction,GLN_fraction,GLU_fraction,LYS_fraction,HIS_fraction,PHE_fraction,ARG_fraction,TYR_fraction,TRP_fraction,liability_score,liability_num_violations,liability_high_severity_violations,liability_medium_severity_violations,liability_low_severity_violations,liability_AspBridge_count,liability_AspCleave_count,liability_ProtTryp_count,liability_DPP4_count,liability_MetOx_count,liability_TrpOx_count,liability_DPP4_position,liability_DPP4_length,liability_DPP4_severity,liability_DPP4_details,liability_DPP4_positions,liability_DPP4_num_positions,liability_DPP4_global_details,liability_DPP4_avg_severity,liability_AspBridge_position,liability_AspBridge_length,liability_AspBridge_severity,liability_AspBridge_details,liability_AspBridge_positions,liability_AspBridge_num_positions,liability_AspBridge_global_details,liability_AspBridge_avg_severity,liability_HydroPatch_count,liability_HydroPatch_position,liability_HydroPatch_length,liability_HydroPatch_severity,liability_HydroPatch_details,liability_HydroPatch_positions,liability_HydroPatch_num_positions,liability_HydroPatch_global_details,liability_HydroPatch_avg_severity,liability_NTCycl_count,liability_NTCycl_position,liability_NTCycl_length,liability_NTCycl_severity,liability_NTCycl_details,liability_NTCycl_positions,liability_NTCycl_num_positions,liability_NTCycl_global_details,liability_NTCycl_avg_severity,liability_AspCleave_position,liability_AspCleave_length,liability_AspCleave_severity,liability_AspCleave_details,liability_AspCleave_positions,liability_AspCleave_num_positions,liability_AspCleave_global_details,liability_AspCleave_avg_severity,liability_TrpOx_position,liability_TrpOx_length,liability_TrpOx_severity,liability_TrpOx_details,liability_TrpOx_positions,liability_TrpOx_num_positions,liability_TrpOx_global_details,liability_TrpOx_avg_severity,liability_MetOx_position,liability_MetOx_length,liability_MetOx_severity,liability_MetOx_details,liability_MetOx_positions,liability_MetOx_num_positions,liability_MetOx_global_details,liability_MetOx_avg_severity,liability_ProtTryp_position,liability_ProtTryp_length,liability_ProtTryp_severity,liability_ProtTryp_details,liability_ProtTryp_positions,liability_ProtTryp_num_positions,liability_ProtTryp_global_details,liability_ProtTryp_avg_severity,liability_violations_summary,native_rmsd,native_rmsd_bb,bindsite_under_3rmsd,bindsite_under_4rmsd,bindsite_under_5rmsd,bindsite_under_6rmsd,bindsite_under_7rmsd,bindsite_under_8rmsd,bindsite_under_9rmsd,native_rmsd_refolded,native_rmsd_bb_refolded,bb_rmsd,bb_rmsd_design,bb_rmsd_target,bb_rmsd_design_target,bb_target_aligned_rmsd_design,bb_rmsd<2.5,bb_target_aligned<2.5,bb_designability_rmsd_2,bb_designability_rmsd_4,ligand_iptm,interaction_pae,min_interaction_pae,iptm,ptm,protein_iptm,design_iptm,design_iiptm,target_ptm,min_interaction_pae<1.5,min_interaction_pae<2,min_interaction_pae<2.5,min_interaction_pae<3,min_interaction_pae<4,min_interaction_pae<5,design_ptm>80,design_ptm>75,design_iptm>80,design_iptm>70,design_iptm>60,design_iptm>50,design_sasa_unbound_refolded,design_sasa_bound_refolded,plip_saltbridge_refolded,liability_details,filter_rmsd_design,neg_min_design_to_target_pae,neg_design_hydrophobicity,neg_min_interaction_pae,has_x,num_filters_passed,pass_has_x_filter,pass_filters,pass_filter_rmsd_filter,pass_filter_rmsd_design_filter,pass_CYS_fraction_filter,pass_ALA_fraction_filter,pass_GLY_fraction_filter,pass_GLU_fraction_filter,pass_LEU_fraction_filter,pass_VAL_fraction_filter,rank_design_iiptm,rank_design_ptm,rank_neg_min_design_to_target_pae,rank_plip_hbonds_refolded,rank_plip_saltbridge_refolded,rank_delta_sasa_refolded,max_rank,secondary_rank,quality_score
design_spec_2,1,EVQLVESGGGLVQAGGSLRLSEAASGFTFSDYTMGWFRQAPGKERELVASISSDGGSKSYADSVKGRFTISRDNAKNTLYLQMNSLKPEDTAVYYEAASTEGNLYEAPYFDYWGQGTQVTVSS,EVQLVESGGGLVQAGGSLRLSEAASGFTFSDYTMGWFRQAPGKERELVASISSDGGSKSYADSVKGRFTISRDNAKNTLYLQMNSLKPEDTAVYYEAASTEGNLYEAPYFDYWGQGTQVTVSS,123,0.404,9.2845,0.77552,1.9889,6,1134.30273,47.3454,47.3454,0.43902,0.07317,0.4878,design_spec_2.cif,536,0,536.0,536.0,0.0,0.11382,0.08943,0.0,0.13008,0.02439,0.06504,0.06504,0.01626,0.03252,0.04878,0.07317,0.01626,0.04878,0.07317,0.04065,0.0,0.04065,0.04065,0.06504,0.01626,180,20,16,4,0,0,0,0,0,0,0,-1,0,0,,,0,,0.0,-1,0,0,,74-84,2,,10.0,0,-1,0,0,,79-93,2,,5.0,0,-1,0,0,,,0,,0.0,-1,0,0,,54-62,2,,10.0,-1,0,0,,36-113,2,,10.0,-1,0,0,,34-83,2,,5.0,-1,0,0,,19-87,10,,10.0,"AspBridgex2(pos74-84,sev10); AspCleavex2(pos54-62,sev10); ProtTrypx10(pos19-87,sev10); MetOxx2(pos34-83,sev5); TrpOxx2(pos36-113,sev10); HydroPatchx2(pos79-93,sev5)",0.0,0.0,0.0,0.09091,0.18182,0.45455,0.63636,0.72727,0.81818,0.0,0.0,1.9889,1.06965,0.87579,5.01047,5.01047,True,False,True,True,0.0,21.05783,9.2845,0.404,0.70364,0.404,0.404,0.0,0.82007,False,False,False,False,False,False,False,True,False,False,False,False,16793.2832,15658.98047,2,,1.06965,-9.2845,-47.3454,-9.2845,False,9,True,True,True,True,True,True,True,True,True,True,1.0,1.0,1.0,0.5,0.5,0.5,1.0,1,1.0
design_spec_7,2,GPQLTQSPSSLSASAGDTVTITGSSSGSIGSSYTGWSLQKPGQGGRGLIYSGSTRAGGVPDRFSGSLSGTSATLTISGLQSEDSGTYYAGGDSYGYGAAAGGASRGQGTTVTVS,GPQLTQSPSSLSASAGDTVTITGSSSGSIGSSYTGWSLQKPGQGGRGLIYSGSTRAGGVPDRFSGSLSGTSATLTISGLQSEDSGTYYAGGDSYGYGAAAGGASRGQGTTVTVS,114,0.29696,12.44939,0.82589,4.73693,7,1375.28711,37.4895,37.4895,0.44737,0.09649,0.45614,design_spec_7.cif,527,0,527.0,527.0,0.0,0.2193,0.07895,0.0,0.21053,0.03509,0.11404,0.03509,0.03509,0.0,0.03509,0.0614,0.0,0.05263,0.00877,0.00877,0.0,0.00877,0.03509,0.05263,0.00877,85,9,8,1,0,0,0,0,0,0,0,-1,0,0,,,0,,0.0,-1,0,0,,,0,,0.0,0,48,3,5,,,0,,0.0,0,-1,0,0,,,0,,0.0,-1,0,0,,83-92,2,,10.0,36,1,10,,,0,,0.0,-1,0,0,,,0,,0.0,-1,0,0,,40-105,5,,10.0,"AspCleavex2(pos83-92,sev10); ProtTrypx5(pos40-105,sev10); TrpOx(pos36,sev10); HydroPatch(pos48,sev5)",0.0,0.0,0.27273,0.54545,0.72727,0.90909,0.90909,0.90909,1.0,0.0,0.0,4.73693,4.11876,1.00501,12.78269,12.78269,False,False,False,False,0.0,23.21888,12.44939,0.29696,0.6592,0.29696,0.29696,0.0,0.76978,False,False,False,False,False,False,True,True,False,False,False,False,17418.71875,16043.43164,0,,4.11876,-12.44939,-37.4895,-12.44939,False,1,True,False,False,False,True,True,False,True,True,True,2.0,2.0,4.0,1.5,3.5,2.0,4.0,2,0.8888888888888888
design_spec_1,3,EVQLVESGGGLVQPGGSLRLSEAASGFTFSSYAMGWYRQAPGKEREWVAYISYDGSYTYYADSVKGRFTISRDNAKNTLYLQMNSLKAEDTAVYYEAASKDYDRFAANDGASSSYFDYWGQGTQVTVSS,EVQLVESGGGLVQPGGSLRLSEAASGFTFSSYAMGWYRQAPGKEREWVAYISYDGSYTYYADSVKGRFTISRDNAKNTLYLQMNSLKAEDTAVYYEAASKDYDRFAANDGASSSYFDYWGQGTQVTVSS,129,0.25074,14.31366,0.7936,4.19488,3,1025.20898,47.9187,47.9187,0.48837,0.04651,0.46512,design_spec_1.cif,542,0,542.0,542.0,0.0,0.10078,0.10853,0.0,0.13178,0.0155,0.05426,0.06202,0.0155,0.03101,0.06202,0.05426,0.0155,0.04651,0.05426,0.03876,0.0,0.03876,0.04651,0.10078,0.02326,210,23,19,4,0,0,0,0,0,0,0,-1,0,0,,,0,,0.0,-1,0,0,,74-84,2,,10.0,0,-1,0,0,,79-93,2,,5.0,0,-1,0,0,,,0,,0.0,-1,0,0,,54-109,3,,10.0,-1,0,0,,36-119,3,,10.0,-1,0,0,,34-83,2,,5.0,-1,0,0,,19-104,11,,10.0,"AspBridgex2(pos74-84,sev10); AspCleavex3(pos54-109,sev10); ProtTrypx11(pos19-104,sev10); MetOxx2(pos34-83,sev5); TrpOxx3(pos36-119,sev10); HydroPatchx2(pos79-93,sev5)",0.0,0.0,0.0,0.0,0.09091,0.36364,0.54545,0.63636,0.63636,0.0,0.0,4.19488,1.62257,0.89998,10.52012,10.52012,False,False,True,True,0.0,23.66322,14.31366,0.25074,0.65167,0.25074,0.25074,0.0,0.78193,False,False,False,False,False,False,False,True,False,False,False,False,17381.7168,16356.50781,2,,1.62257,-14.31366,-47.9187,-14.31366,False,1,True,False,False,True,True,True,True,True,True,True,2.0,6.0,5.0,3.0,2.5,3.5,6.0,3,0.7777777777777778
design_spec_8,4,EVQLVESGGGLVQAGGSLRLSEAASGGLLGSYGMSWVRQAPGKGLEGVAGISGGGGGTGYADSVAGRFTISIDGSKNTAYLQMNSLKPEDTAVYYGAAGGGGGGYGGSGVGSDANGTADTSGATYWGQGTQVTVS,EVQLVESGGGLVQAGGSLRLSEAASGGLLGSYGMSWVRQAPGKGLEGVAGISGGGGGTGYADSVAGRFTISIDGSKNTAYLQMNSLKPEDTAVYYGAAGGGGGGYGGSGVGSDANGTADTSGATYWGQGTQVTVS,135,0.29749,11.43966,0.78888,7.28174,3,1167.69922,39.9327,39.9327,0.47407,0.08889,0.43704,design_spec_8.cif,548,0,548.0,548.0,0.0,0.26667,0.1037,0.0,0.11111,0.01481,0.06667,0.07407,0.02222,0.02222,0.03704,0.06667,0.01481,0.04444,0.03704,0.02222,0.0,0.00741,0.02222,0.05185,0.01481,135,15,12,3,0,0,0,0,0,0,0,-1,0,0,,,0,,0.0,-1,0,0,,84-115,2,,10.0,0,93,3,5,,,0,,0.0,0,-1,0,0,,,0,,0.0,-1,0,0,,62-73,2,,10.0,-1,0,0,,36-126,2,,10.0,-1,0,0,,34-83,2,,5.0,-1,0,0,,19-87,6,,10.0,"AspBridgex2(pos84-115,sev10); AspCleavex2(pos62-73,sev10); ProtTrypx6(pos19-87,sev10); MetOxx2(pos34-83,sev5); TrpOxx2(pos36-126,sev10); HydroPatch(pos93,sev5)",0.0,0.0,0.09091,0.36364,0.81818,0.90909,0.90909,0.90909,1.0,0.0,0.0,7.28174,2.84581,1.21295,16.04574,16.04574,False,False,False,True,0.0,22.40548,11.43966,0.29749,0.65374,0.29749,0.29749,0.0,0.78797,False,False,False,False,False,False,False,True,False,False,False,False,17154.33008,15986.63086,0,,2.84581,-11.43966,-39.9327,-11.43966,False,1,True,False,False,False,True,True,False,True,True,True,2.0,7.0,2.0,3.0,3.5,2.5,7.0,4,0.6666666666666667
design_spec_5,5,GGAIAQSPSSLSVSVGQRATITGRSSGSGSSSGLAWYQGTPGGGGGGIIYSGSSLAGGAPSRFSGSGSGTDFTLTISGAQAEDTGDYGWAGSGGYGAGAGAGGGTKLTVL,GGAIAQSPSSLSVSVGQRATITGRSSGSGSSSGLAWYQGTPGGGGGGIIYSGSSLAGGAPSRFSGSGSGTDFTLTISGAQAEDTGDYGWAGSGGYGAGAGAGGGTKLTVL,110,0.18877,18.75256,0.81967,15.776,1,721.86328,37.2357,37.2357,0.40909,0.08182,0.50909,design_spec_5.cif,523,0,523.0,523.0,0.0,0.29091,0.10909,0.0,0.18182,0.02727,0.08182,0.02727,0.04545,0.0,0.02727,0.05455,0.0,0.03636,0.00909,0.00909,0.0,0.01818,0.02727,0.03636,0.01818,65,7,6,1,0,0,0,0,0,0,0,-1,0,0,,,0,,0.0,-1,0,0,,,0,,0.0,0,48,3,5,,,0,,0.0,0,-1,0,0,,,0,,0.0,-1,0,0,,,0,,0.0,-1,0,0,,36-89,2,,10.0,-1,0,0,,,0,,0.0,-1,0,0,,18-106,4,,10.0,"ProtTrypx4(pos18-106,sev10); TrpOxx2(pos36-89,sev10); HydroPatch(pos48,sev5)",0.0,0.0,0.18182,0.45455,0.63636,0.90909,1.0,1.0,1.0,0.0,0.0,15.776,3.64124,1.14871,42.34416,42.34416,False,False,False,True,0.0,26.13076,18.75256,0.18877,0.63667,0.18877,0.18877,0.0,0.76214,False,False,False,False,False,False,True,True,False,False,False,False,17251.90039,16530.03711,0,,3.64124,-18.75256,-37.2357,-18.75256,False,1,True,False,False,False,True,True,False,True,True,True,2.0,3.0,7.0,4.0,3.5,4.5,7.0,4,0.5555555555555556
design_spec_4,6,GVATLTFSDGHSVVVEAVAVDDTSAEVRVSVGFPEFEVTVTSLKSGSSTTIFTGETKVLEGVSVGDVLKITAKNLVTGETVEAEVTVVPK,GVATLTFSDGHSVVVEAVAVDDTSAEVRVSVGFPEFEVTVTSLKSGSSTTIFTGETKVLEGVSVGDVLKITAKNLVTGETVEAEVTVVPK,90,0.13907,21.35185,0.80017,15.67954,1,469.53711,49.0235,49.0235,0.4,0.0,0.6,design_spec_4.cif,503,0,503.0,503.0,0.0,0.08889,0.06667,0.0,0.1,0.02222,0.14444,0.22222,0.02222,0.01111,0.04444,0.05556,0.0,0.0,0.1,0.05556,0.01111,0.04444,0.01111,0.0,0.0,65,7,6,1,0,0,0,0,0,0,0,-1,0,0,,,0,,0.0,-1,0,0,,,0,,0.0,0,13,3,5,,,0,,0.0,0,-1,0,0,,,0,,0.0,9,2,10,,,0,,0.0,-1,0,0,,,0,,0.0,-1,0,0,,,0,,0.0,-1,0,0,,28-73,5,,10.0,"AspCleave(pos9,sev10); ProtTrypx5(pos28-73,sev10); HydroPatch(pos13,sev5)",0.0,0.0,0.0,0.09091,0.09091,0.45455,0.81818,0.81818,0.81818,0.0,0.0,15.67954,0.60587,0.92971,49.38935,49.38935,False,False,True,True,0.0,27.51491,21.35185,0.13907,0.66627,0.13907,0.13907,0.0,0.78326,False,False,False,False,False,False,True,True,False,False,False,False,17499.86133,17030.32422,0,,0.60587,-21.35185,-49.0235,-21.35185,False,1,True,False,False,True,True,True,True,True,True,False,2.0,5.0,8.0,4.0,3.5,5.0,8.0,5,0.4444444444444444
design_spec_0,7,ATATATAPDGTVVTATAKGDTVTLKQDRESPYGYMLLDENGRIVGTGDSLEKTFTGLKPGSTYTVVTTLSNELLPWAATASATITTVS,ATATATAPDGTVVTATAKGDTVTLKQDRESPYGYMLLDENGRIVGTGDSLEKTFTGLKPGSTYTVVTTLSNELLPWAATASATITTVS,88,0.28266,11.92529,0.71284,8.43333,1,1158.37109,44.4024,44.4024,0.44318,0.03409,0.52273,design_spec_0.cif,501,0,501.0,501.0,0.0,0.09091,0.11364,0.0,0.06818,0.04545,0.21591,0.07955,0.02273,0.02273,0.05682,0.09091,0.01136,0.01136,0.04545,0.04545,0.0,0.01136,0.02273,0.03409,0.01136,110,12,10,2,0,0,0,0,0,0,0,1,1,5,,,0,,0.0,40,2,10,,,0,,0.0,0,-1,0,0,,,0,,0.0,0,-1,0,0,,,0,,0.0,-1,0,0,,9-48,2,,10.0,76,1,10,,,0,,0.0,35,1,5,,,0,,0.0,-1,0,0,,18-58,6,,10.0,"AspBridge(pos40,sev10); AspCleavex2(pos9-48,sev10); ProtTrypx6(pos18-58,sev10); DPP4(pos1,sev5); MetOx(pos35,sev5); TrpOx(pos76,sev10)",0.0,0.0,0.0,0.0,0.27273,0.27273,0.45455,0.54545,0.72727,0.0,0.0,8.43333,2.63063,1.27765,21.70299,21.70299,False,False,False,True,0.0,23.06103,11.92529,0.28266,0.67713,0.28266,0.28266,0.0,0.7686,False,False,False,False,False,False,False,False,False,False,False,False,17573.65234,16415.28125,3,,2.63063,-11.92529,-44.4024,-11.92529,False,1,True,False,False,False,True,True,True,True,True,True,2.0,9.0,3.0,4.0,1.0,3.0,9.0,6,0.33333333333333337
design_spec_3,8,EVQLVESGGGLVQAGGSLRLSEAASGFTFSSYGMSWVRQAPGKGREWVASISSSGSYTYYADSVKGRFTISRDNAKNTLYLQMNSLKPEDTAVYYEARSSVSGAPTRGAYYYDSNGNLSTDDVTLDYWGQGTLVTVSS,EVQLVESGGGLVQAGGSLRLSEAASGFTFSSYGMSWVRQAPGKGREWVASISSSGSYTYYADSVKGRFTISRDNAKNTLYLQMNSLKPEDTAVYYEARSSVSGAPTRGAYYYDSNGNLSTDDVTLDYWGQGTLVTVSS,138,0.16234,21.48118,0.81146,12.5675,4,759.39648,46.8458,46.8458,0.47826,0.04348,0.47826,design_spec_3.cif,551,0,551.0,551.0,0.0,0.11594,0.07971,0.0,0.15942,0.02174,0.07246,0.07971,0.01449,0.03623,0.05072,0.07246,0.01449,0.03623,0.04348,0.02899,0.0,0.02174,0.05072,0.07971,0.02174,215,24,19,5,0,0,0,0,0,0,0,-1,0,0,,,0,,0.0,-1,0,0,,74-115,3,,10.0,0,-1,0,0,,79-110,3,,5.0,0,-1,0,0,,,0,,0.0,-1,0,0,,62-113,2,,10.0,-1,0,0,,36-128,3,,10.0,-1,0,0,,34-83,2,,5.0,-1,0,0,,19-107,11,,10.0,"AspBridgex3(pos74-115,sev10); AspCleavex2(pos62-113,sev10); ProtTrypx11(pos19-107,sev10); MetOxx2(pos34-83,sev5); TrpOxx3(pos36-128,sev10); HydroPatchx3(pos79-110,sev5)",0.0,0.0,0.0,0.09091,0.18182,0.54545,0.54545,0.63636,0.81818,0.0,0.0,12.5675,5.87152,1.03934,36.29296,36.29296,False,False,False,False,0.0,27.09696,21.48118,0.16234,0.60748,0.16234,0.16234,0.0,0.76273,False,False,False,False,False,False,True,True,False,False,False,False,17541.72266,16782.32617,3,,5.87152,-21.48118,-46.8458,-21.48118,False,1,True,False,False,False,True,True,True,True,True,True,2.0,4.0,9.0,2.5,1.0,4.0,9.0,6,0.2222222222222222
design_spec_6,9,NTVGSGGEAGAGAKGEVLRDGEVVGEGGATGGSGTVYVGGSNGGSGEKGDEVKTKDSAGNVIGTGTAAGASG,NTVGSGGEAGAGAKGEVLRDGEVVGEGGATGGSGTVYVGGSNGGSGEKGDEVKTKDSAGNVIGTGTAAGASG,72,0.19824,18.08993,0.33608,5.63184,12,1568.56836,22.776,22.776,0.41667,0.04167,0.54167,design_spec_6.cif,485,0,485.0,485.0,0.0,0.33333,0.11111,0.0,0.08333,0.0,0.08333,0.11111,0.01389,0.04167,0.04167,0.01389,0.0,0.0,0.08333,0.05556,0.0,0.0,0.01389,0.01389,0.0,90,10,8,2,0,0,0,0,0,0,0,-1,0,0,,,0,,0.0,42,2,10,,,0,,0.0,0,36,3,5,,,0,,0.0,0,1,1,5,,,0,,0.0,-1,0,0,,20-56,2,,10.0,-1,0,0,,,0,,0.0,-1,0,0,,,0,,0.0,-1,0,0,,14-55,5,,10.0,"AspBridge(pos42,sev10); AspCleavex2(pos20-56,sev10); NTCycl(pos1,sev5); ProtTrypx5(pos14-55,sev10); HydroPatch(pos36,sev5)",0.0,0.0,0.0,0.09091,0.54545,0.54545,0.81818,0.90909,1.0,0.0,0.0,5.63184,10.13796,0.99643,14.54225,14.54225,False,False,False,False,0.0,26.19512,18.08993,0.19824,0.69693,0.19824,0.19824,0.0,0.78843,False,False,False,False,False,False,False,False,False,False,False,False,17048.07031,15479.50195,3,,10.13796,-18.08993,-22.776,-18.08993,False,1,True,False,False,False,True,True,False,True,True,True,2.0,10.0,6.0,1.0,1.0,1.5,10.0,7,0.11111111111111116
design_spec_9,10,ALSGVGAGGGTGAGSTVTITASGTPTRLTLTATESGGTGTSGAMGWGRRLPGQGGGGVGGVSGNGTSSGGGGAVRGRATATADSSTSTATLELSSTTAADTATYYAAGGGYDGIDIGGGGAAASATVTVSSAAGTYEASATAS,ALSGVGAGGGTGAGSTVTITASGTPTRLTLTATESGGTGTSGAMGWGRRLPGQGGGGVGGVSGNGTSSGGGGAVRGRATATADSSTSTATLELSSTTAADTATYYAAGGGYDGIDIGGGGAAASATVTVSSAAGTYEASATAS,143,0.14881,21.74882,0.72677,22.55913,5,1816.90918,32.0217,32.0217,0.44755,0.04196,0.51049,design_spec_9.cif,556,0,556.0,556.0,0.0,0.25874,0.17483,0.0,0.12587,0.01399,0.17483,0.04895,0.02098,0.00699,0.02797,0.04196,0.00699,0.00699,0.02098,0.0,0.0,0.0,0.03497,0.02797,0.00699,100,11,9,2,0,0,0,0,0,0,0,1,1,5,,,0,,0.0,64,2,10,,,0,,0.0,0,-1,0,0,,,0,,0.0,0,-1,0,0,,,0,,0.0,-1,0,0,,83-112,2,,10.0,46,1,10,,,0,,0.0,44,1,5,,,0,,0.0,-1,0,0,,27-77,5,,10.0,"AspBridge(pos64,sev10); AspCleavex2(pos83-112,sev10); ProtTrypx5(pos27-77,sev10); DPP4(pos1,sev5); MetOx(pos44,sev5); TrpOx(pos46,sev10)",0.0,0.0,0.09091,0.45455,0.63636,0.72727,0.72727,0.72727,0.90909,0.0,0.0,22.55913,9.95281,0.98509,53.89282,53.89282,False,False,False,False,0.0,27.62441,21.74882,0.14881,0.59901,0.14881,0.14881,0.0,0.76302,False,False,False,False,False,False,False,False,False,False,False,False,17159.46484,15342.55566,2,,9.95281,-21.74882,-32.0217,-21.74882,False,1,True,False,False,False,True,True,False,True,True,True,2.0,8.0,10.0,2.0,2.5,1.0,10.0,7,0.0
